{
    "timestamp": "20260307T102013Z",
    "config_used": "config.yaml",
    "config_sha256": "66b9b285c7efddbc23cf85a50ffd795453ff7f20da9f12202c4d6b143d1e3ae0",
    "calibration": {
        "coeffs": [
            0.2329559059824593,
            0.004094503770417967
        ],
        "covariance": [
            [
                10.227802460218332,
                0.0015127555308853005
            ],
            [
                0.0015127555308853005,
                4.145749594080375e-06
            ]
        ],
        "sigma_E": 0.02468560958632958,
        "sigma_E_error": 0.12747011968777333,
        "peaks": {
            "Po210": {
                "centroid_adc": 1238.5002868125066,
                "sigma_adc": 0.22165465700060047,
                "tau_adc": 0.0,
                "amplitude": 0.5556062687204137,
                "covariance": [
                    [
                        13552.006791980746,
                        -128.39994608086596,
                        5406.638970371199
                    ],
                    [
                        -128.39994608086596,
                        43904.25663339869,
                        -109.86246218905693
                    ],
                    [
                        5406.638970371199,
                        -109.86246218905693,
                        2157.0857933721627
                    ]
                ],
                "centroid_mev": 5.304
            },
            "Po218": {
                "centroid_adc": 1295.1241600601404,
                "sigma_adc": 7.900313300212543,
                "tau_adc": 0.0,
                "amplitude": 2.2281443565406205,
                "covariance": [
                    [
                        2.1741174993317185,
                        0.46601688743715153,
                        5.6698374865008985
                    ],
                    [
                        0.4660168874371514,
                        35.176974176382096,
                        2.6535073322905767
                    ],
                    [
                        5.6698374865008985,
                        2.6535073322905776,
                        38.970117655122316
                    ]
                ],
                "centroid_mev": 5.535846662508106
            },
            "Po214": {
                "centroid_adc": 1820.499995108475,
                "sigma_adc": 6.028962475179178,
                "tau_adc": 0.0,
                "amplitude": 1141.9770854150338,
                "covariance": [
                    [
                        4435152621.272626,
                        13289856.438570468,
                        2058776.7639206748
                    ],
                    [
                        13289856.438570468,
                        39857.55273150932,
                        6181.620214424123
                    ],
                    [
                        2058776.7639206748,
                        6181.620214424123,
                        960.2133864360516
                    ]
                ],
                "centroid_mev": 7.687
            }
        }
    },
    "calibration_valid": true,
    "spectral_fit": {
        "likelihood_path": null
    },
    "time_fit": {
        "Po214": {
            "fit_valid": false,
            "E_Po214": 2.4216613239147478e-06,
            "dE_Po214": null,
            "B_Po214": 1.9539925233402755e-13,
            "dB_Po214": null,
            "N0_Po214": 1.1952773461895019,
            "dN0_Po214": null,
            "nll": 762699583323203.0,
            "cov_E_Po214_N0_Po214": 0.0,
            "E_corrected": 4.149733598160112e-08,
            "dE_corrected": 7.310269133093886e-08,
            "counts_fallback": true,
            "cov": [
                [
                    0.0,
                    0.0,
                    0.0
                ],
                [
                    0.0,
                    0.0,
                    0.0
                ],
                [
                    0.0,
                    0.0,
                    0.0
                ]
            ],
            "ndf": 17,
            "background_mode": "floated"
        }
    },
    "systematics": {},
    "baseline": {
        "corrected_activity": {
            "Po214": {
                "value": 4.149733598160112e-08,
                "uncertainty": 7.310269133093886e-08
            }
        },
        "scales": {
            "Po214": 1.0,
            "Po218": 1.0,
            "Po210": 1.0,
            "noise": 1.0
        },
        "dilution_factor": 1.0,
        "analysis_counts": {
            "Po214": 0.32223573582436876
        },
        "corrected_rate_Bq": {
            "Po214": 4.149733598160112e-08
        },
        "corrected_sigma_Bq": {
            "Po214": 7.310269133093886e-08
        }
    },
    "radon_results": {
        "radon_activity_Bq": {
            "value": 4.149733598160112e-08,
            "uncertainty": 7.310269133093886e-08
        },
        "radon_concentration_Bq_per_L": {
            "value": 6.859063798611756e-11,
            "uncertainty": 1.2083089476188243e-10
        },
        "total_radon_in_sample_Bq": {
            "value": 4.149733598160112e-08,
            "uncertainty": 7.310269133093886e-08
        }
    },
    "radon_combined": {
        "activity_Bq": 4.149733598160112e-08,
        "unc_Bq": 7.310269133093886e-08
    },
    "radon": {
        "isotope_mode": "radon",
        "Rn_activity_Bq": 4.149733598160112e-08,
        "stat_unc_Bq": 7.310269133093886e-08,
        "components": {
            "from_po214": {
                "activity_Bq": 4.149733598160112e-08,
                "stat_unc_Bq": 7.310269133093886e-08
            }
        },
        "time_series": {
            "time": [
                1690772424.0,
                1698537639.0
            ],
            "activity": [
                4.149733598160112e-08,
                4.149733598160112e-08
            ],
            "error": [
                7.310269133093886e-08,
                7.310269133093886e-08
            ]
        },
        "total_time_series": {
            "time": [
                1690772424.0,
                1698537639.0
            ],
            "activity": [
                4.149733598160112e-08,
                4.149733598160112e-08
            ],
            "error": [
                7.310269133093886e-08,
                7.310269133093886e-08
            ]
        }
    },
    "po214": {},
    "po218": {},
    "noise_cut": {
        "removed_events": 0
    },
    "burst_filter": {
        "removed_events": 0,
        "burst_mode": "none",
        "roi_diff": {
            "Po214": 0
        },
        "sensitivity_scan": {
            "grid": {},
            "best": {
                "burst_multiplier": null,
                "burst_window_size_s": null
            }
        }
    },
    "adc_drift_rate": 0.0,
    "adc_drift_mode": "linear",
    "adc_drift_params": null,
    "efficiency": {},
    "random_seed": 1182055755,
    "git_commit": "29abfaaccddbbbc4a83d0e9c46d982daac8a89cb",
    "requirements_sha256": "86ee0514af16e7e77eb5e773010049ed3ca1543ca767d58f90d9ac486c2330a4",
    "cli_sha256": "fe6b48a7a89b196e6fba2bd7d63f9e7ef675446ad1abbb8bb266e8d016cae837",
    "cli_args": [
        "analyze.py",
        "--config",
        "tests/data/mini_run/config.yaml",
        "--input",
        "tests/data/mini_run/run.csv",
        "--output_dir",
        "mini_repro",
        "--overwrite"
    ],
    "analysis": {
        "analysis_start_time": "2023-07-31T03:00:24+00:00",
        "analysis_end_time": "2023-10-29T00:00:39Z",
        "spike_start_time": null,
        "spike_end_time": null,
        "spike_periods": [],
        "run_periods": [],
        "radon_interval": null,
        "background_model": null,
        "likelihood": null,
        "ambient_concentration": null,
        "settle_s": null
    },