{
    "timestamp": "20260307T102705Z",
    "config_used": "config.yaml",
    "config_sha256": "7540176e0cad0cc14720f4234ef66ff4f6e15847f26b7a9f6946109a2eb5596d",
    "calibration": {
        "coeffs": [
            0.2137295286520038,
            0.00427
        ],
        "covariance": [
            [
                34284615027.620804,
                0.0
            ],
            [
                0.0,
                0.0
            ]
        ],
        "sigma_E": 0.0006113787000490822,
        "sigma_E_error": 49608.70917121911,
        "peaks": {
            "Po214": {
                "centroid_adc": 1750.1804382548,
                "sigma_adc": 0.14318002343069838,
                "tau_adc": 0.08809226815380007,
                "amplitude": 2.4303727448722836,
                "covariance": [
                    [
                        9.764299742149124e+17,
                        -4.284916023952044e+16,
                        -1.1480230373723836e+16,
                        2304081707120316.0
                    ],
                    [
                        -4.284916023952044e+16,
                        1880370924407022.5,
                        503792636297727.56,
                        -101111158896469.36
                    ],
                    [
                        -1.1480230373723838e+16,
                        503792636297727.6,
                        134977103238354.73,
                        -27089898401663.75
                    ],
                    [
                        2304081707120316.0,
                        -101111158896469.38,
                        -27089898401663.75,
                        5436941362095.649
                    ]
                ],
                "centroid_mev": 7.687
            }
        }
    },
    "calibration_valid": true,
    "spectral_fit": {
        "mu_Po210": 5.29431386880786,
        "dmu_Po210": 0.0,
        "S_Po210": 1.7836477649833577e-10,
        "dS_Po210": 0.0,
        "tau_Po210": 0.0005000000000002693,
        "dtau_Po210": 0.0,
        "mu_Po218": 6.046904452922384,
        "dmu_Po218": 0.0,
        "S_Po218": 6.380241764582779e-38,
        "dS_Po218": 0.0,
        "tau_Po218": 0.0005000000000000595,
        "dtau_Po218": 0.0,
        "mu_Po214": 7.709994677480128,
        "dmu_Po214": 0.0,
        "S_Po214": 4.178140823484313e-29,
        "dS_Po214": 0.0,
        "tau_Po214": 0.000500000000999999,
        "dtau_Po214": 0.0,
        "b0": 3.8095662851241663,
        "db0": 0.0,
        "b1": 0.45581015193268826,
        "db1": 0.0,
        "S_bkg": 10.794982275675915,
        "dS_bkg": 0.0,
        "sigma0": 0.0006113787000490822,
        "dsigma0": 0.0,
        "F": 0.0,
        "dF": 0.0,
        "fit_valid": true,
        "likelihood_path": "binned_poisson",
        "chi2": 141.49693557149124,
        "chi2_ndf": 0.3260298054642655,
        "nll": 87.20329034126605,
        "aic": 198.4065806825321,
        "sigma_E": 0.0006113787000490822,
        "cov": [
            [
                0.0,
                0.0,
                0.0,
                0.0,
                0.0,
                0.0,
                0.0,
                0.0,
                0.0,
                0.0,
                0.0,
                0.0
            ],
            [
                0.0,
                0.0,
                0.0,
                0.0,
                0.0,
                0.0,
                0.0,
                0.0,
                0.0,
                0.0,
                0.0,
                0.0
            ],
            [
                0.0,
                0.0,
                0.0,
                0.0,
                0.0,
                0.0,
                0.0,
                0.0,
                0.0,
                0.0,
                0.0,
                0.0
            ],
            [
                0.0,
                0.0,
                0.0,
                0.0,
                0.0,
                0.0,
                0.0,
                0.0,
                0.0,
                0.0,
                0.0,
                0.0
            ],
            [
                0.0,
                0.0,
                0.0,
                0.0,
                0.0,
                0.0,
                0.0,
                0.0,
                0.0,
                0.0,
                0.0,
                0.0
            ],
            [
                0.0,
                0.0,
                0.0,
                0.0,
                0.0,
                0.0,
                0.0,
                0.0,
                0.0,
                0.0,
                0.0,
                0.0
            ],
            [
                0.0,
                0.0,
                0.0,
                0.0,
                0.0,
                0.0,
                0.0,
                0.0,
                0.0,
                0.0,
                0.0,
                0.0
            ],
            [
                0.0,
                0.0,
                0.0,
                0.0,
                0.0,
                0.0,
                0.0,
                0.0,
                0.0,
                0.0,
                0.0,
                0.0
            ],
            [
                0.0,
                0.0,
                0.0,
                0.0,
                0.0,
                0.0,
                0.0,
                0.0,
                0.0,
                0.0,
                0.0,
                0.0
            ],
            [
                0.0,
                0.0,
                0.0,
                0.0,
                0.0,
                0.0,
                0.0,
                0.0,
                0.0,
                0.0,
                0.0,
                0.0
            ],
            [
                0.0,
                0.0,
                0.0,
                0.0,
                0.0,
                0.0,
                0.0,
                0.0,
                0.0,
                0.0,
                0.0,
                0.0
            ],
            [
                0.0,
                0.0,
                0.0,
                0.0,
                0.0,
                0.0,
                0.0,
                0.0,
                0.0,
                0.0,
                0.0,
                0.0
            ]
        ],
        "ndf": 434,
        "peak_deviation": {
            "Po210": 0.009686131192140124,
            "Po218": 0.044904452922383875,
            "Po214": 0.022994677480127734
        }
    },
    "time_fit": {
        "Po214": {
            "fit_valid": false,
            "E_Po214": 2.731677989586956e-06,
            "dE_Po214": null,
            "N0_Po214": 1.0101010653349296,
            "dN0_Po214": null,
            "nll": 759921505959556.0,
            "B_Po214": 0.0,
            "dB_Po214": 0.0,
            "cov_E_Po214_N0_Po214": 0.0,
            "E_corrected": 1.5414637594250447e-12,
            "dE_corrected": 4.4778728791463863e-10,
            "counts_fallback": true,
            "cov": [
                [
                    0.0,
                    0.0
                ],
                [
                    0.0,
                    0.0
                ]
            ],
            "ndf": 20,
            "background_mode": "fixed_from_baseline",
            "baseline_rate_Bq": 0.0,
            "baseline_unc_Bq": 0.0,
            "background_source": "fixed_from_baseline",
            "baseline_source_range": [
                "2024-09-28T00:00:00+00:00",
                "2024-10-28T23:59:59+00:00"
            ],
            "baseline_activity_Bq": 0.0,
            "baseline_activity_unc_Bq": 0.0,
            "baseline_dilution_factor": 0.1260154134555301
        }
    },
    "systematics": {},
    "baseline": {
        "start": "2024-09-28T00:00:00Z",
        "end": "2024-10-28T23:59:59Z",
        "n_events": 0,
        "live_time": 2678399.0,